cast_id,character,credit_id,gender,id,name,order
242,Jake Sully,5602a8a7c3a3685532001c9a,2,65731,Sam Worthington,0
3,Neytiri,52fe48009251416c750ac9cb,1,8691,Zoe Saldana,1
25,Dr. Grace Augustine,52fe48009251416c750aca39,1,10205,Sigourney Weaver,2
4,Col. Quaritch,52fe48009251416c750ac9cf,2,32747,Stephen Lang,3
5,Trudy Chacon,52fe48009251416c750ac9d3,1,17647,Michelle Rodriguez,4
8,Selfridge,52fe48009251416c750ac9e1,2,1771,Giovanni Ribisi,5
7,Norm Spellman,52fe48009251416c750ac9dd,2,59231,Joel David Moore,6
9,Moat,52fe48009251416c750ac9e5,1,30485,CCH Pounder,7
11,Eytukan,52fe48009251416c750ac9ed,2,15853,Wes Studi,8
10,Tsu'Tey,52fe48009251416c750ac9e9,2,10964,Laz Alonso,9
12,Dr. Max Patel,52fe48009251416c750ac9f1,2,95697,Dileep Rao,10
13,Lyle Wainfleet,52fe48009251416c750ac9f5,2,98215,Matt Gerald,11
32,Private Fike,52fe48009251416c750aca5b,2,154153,Sean Anthony Moran,12
33,Cryo Vault Med Tech,52fe48009251416c750aca5f,2,397312,Jason Whyte,13
34,Venture Star Crew Chief,52fe48009251416c750aca63,2,42317,Scott Lawrence,14
35,Lock Up Trooper,52fe48009251416c750aca67,2,986734,Kelly Kilgour,15
36,Shuttle Pilot,52fe48009251416c750aca6b,0,1207227,James Patrick Pitt,16
37,Shuttle Co-Pilot,52fe48009251416c750aca6f,0,1180936,Sean Patrick Murphy,17
38,Shuttle Crew Chief,52fe48009251416c750aca73,2,1019578,Peter Dillon,18
39,Tractor Operator / Troupe,52fe48009251416c750aca77,0,91443,Kevin Dorman,19
40,Dragon Gunship Pilot,52fe48009251416c750aca7b,2,173391,Kelson Henderson,20
41,Dragon Gunship Gunner,52fe48009251416c750aca7f,0,1207236,David Van Horn,21
42,Dragon Gunship Navigator,52fe48009251416c750aca83,0,215913,Jacob Tomuri,22
43,Suit #1,52fe48009251416c750aca87,0,143206,Michael Blain-Rozgay,23
44,Suit #2,52fe48009251416c750aca8b,2,169676,Jon Curry,24
46,Ambient Room Tech,52fe48009251416c750aca8f,0,1048610,Luke Hawker,25
47,Ambient Room Tech / Troupe,52fe48009251416c750aca93,0,42288,Woody Schultz,26
48,Horse Clan Leader,52fe48009251416c750aca97,2,68278,Peter Mensah,27
49,Link Room Tech,52fe48009251416c750aca9b,0,1207247,Sonia Yee,28
50,Basketball Avatar / Troupe,52fe48009251416c750aca9f,1,1207248,Jahnel Curfman,29
51,Basketball Avatar,52fe48009251416c750acaa3,0,89714,Ilram Choi,30
52,Na'vi Child,52fe48009251416c750acaa7,0,1207249,Kyla Warren,31
53,Troupe,52fe48009251416c750acaab,0,1207250,Lisa Roumain,32
54,Troupe,52fe48009251416c750acaaf,1,83105,Debra Wilson,33
57,Troupe,52fe48009251416c750acabb,0,1207253,Chris Mala,34
55,Troupe,52fe48009251416c750acab3,0,1207251,Taylor Kibby,35
56,Troupe,52fe48009251416c750acab7,0,1207252,Jodie Landau,36
58,Troupe,52fe48009251416c750acabf,0,1207254,Julie Lamm,37
59,Troupe,52fe48009251416c750acac3,0,1207257,Cullen B. Madden,38
60,Troupe,52fe48009251416c750acac7,0,1207259,Joseph Brady Madden,39
61,Troupe,52fe48009251416c750acacb,0,1207262,Frankie Torres,40
62,Troupe,52fe48009251416c750acacf,1,1158600,Austin Wilson,41
63,Troupe,52fe48019251416c750acad3,1,983705,Sara Wilson,42
64,Troupe,52fe48019251416c750acad7,0,1207263,Tamica Washington-Miller,43
65,Op Center Staff,52fe48019251416c750acadb,1,1145098,Lucy Briant,44
66,Op Center Staff,52fe48019251416c750acadf,2,33305,Nathan Meister,45
67,Op Center Staff,52fe48019251416c750acae3,0,1207264,Gerry Blair,46
68,Op Center Staff,52fe48019251416c750acae7,2,33311,Matthew Chamberlain,47
69,Op Center Staff,52fe48019251416c750acaeb,0,1207265,Paul Yates,48
70,Op Center Duty Officer,52fe48019251416c750acaef,0,1207266,Wray Wilson,49
71,Op Center Staff,52fe48019251416c750acaf3,2,54492,James Gaylyn,50
72,Dancer,52fe48019251416c750acaf7,0,1207267,Melvin Leno Clark III,51
73,Dancer,52fe48019251416c750acafb,0,1207268,Carvon Futrell,52
74,Dancer,52fe48019251416c750acaff,0,1207269,Brandon Jelkes,53
75,Dancer,52fe48019251416c750acb03,0,1207270,Micah Moch,54
76,Dancer,52fe48019251416c750acb07,0,1207271,Hanniyah Muhammad,55
77,Dancer,52fe48019251416c750acb0b,0,1207272,Christopher Nolen,56
78,Dancer,52fe48019251416c750acb0f,0,1207273,Christa Oliver,57
79,Dancer,52fe48019251416c750acb13,0,1207274,April Marie Thomas,58
80,Dancer,52fe48019251416c750acb17,0,1207275,Bravita A. Threatt,59
81,Mining Chief (uncredited),52fe48019251416c750acb1b,0,1207276,Colin Bleasdale,60
82,Veteran Miner (uncredited),52fe48019251416c750acb1f,0,107969,Mike Bodnar,61
83,Richard (uncredited),52fe48019251416c750acb23,0,1207278,Matt Clayton,62
84,Nav'i (uncredited),52fe48019251416c750acb27,1,147898,Nicole Dionne,63
85,Trooper (uncredited),52fe48019251416c750acb2b,0,1207280,Jamie Harrison,64
86,Trooper (uncredited),52fe48019251416c750acb2f,0,1207281,Allan Henry,65
87,Ground Technician (uncredited),52fe48019251416c750acb33,2,1207282,Anthony Ingruber,66
88,Flight Crew Mechanic (uncredited),52fe48019251416c750acb37,0,1207283,Ashley Jeffery,67
14,Samson Pilot,52fe48009251416c750ac9f9,0,98216,Dean Knowsley,68
89,Trooper (uncredited),52fe48019251416c750acb3b,0,1201399,Joseph Mika-Hunt,69
90,Banshee (uncredited),52fe48019251416c750acb3f,0,236696,Terry Notary,70
91,Soldier (uncredited),52fe48019251416c750acb43,0,1207287,Kai Pantano,71
92,Blast Technician (uncredited),52fe48019251416c750acb47,0,1207288,Logan Pithyou,72
93,Vindum Raah (uncredited),52fe48019251416c750acb4b,0,1207289,Stuart Pollock,73
94,Hero (uncredited),52fe48019251416c750acb4f,0,584868,Raja,74
95,Ops Centreworker (uncredited),52fe48019251416c750acb53,0,1207290,Gareth Ruck,75
96,Engineer (uncredited),52fe48019251416c750acb57,0,1062463,Rhian Sheehan,76
97,Col. Quaritch's Mech Suit (uncredited),52fe48019251416c750acb5b,0,60656,T. J. Storm,77
98,Female Marine (uncredited),52fe48019251416c750acb5f,0,1207291,Jodie Taylor,78
99,Ikran Clan Leader (uncredited),52fe48019251416c750acb63,1,1186027,Alicia Vela-Bailey,79
100,Geologist (uncredited),52fe48019251416c750acb67,0,1207292,Richard Whiteside,80
101,Na'vi (uncredited),52fe48019251416c750acb6b,0,103259,Nikie Zambo,81
102,Ambient Room Tech / Troupe,52fe48019251416c750acb6f,1,42286,Julene Renee,82
6,Elizabeth Swann,52fe4232c3a36847f800b515,1,116,Keira Knightley,2
19,Tia Dalma,52fe4232c3a36847f800b549,1,2038,Naomie Harris,10
16,Pintel,52fe4232c3a36847f800b53d,2,1710,Lee Arenberg,13
15,Ragetti,52fe4232c3a36847f800b539,2,1711,Mackenzie Crook,14
18,Lieutenant Theodore Groves,52fe4232c3a36847f800b545,2,4031,Greg Ellis,15
17,Marty,52fe4232c3a36847f800b541,2,4030,Martin Klebba,17
1,James Bond,52fe4d22c3a368484e1d8d6b,2,8784,Daniel Craig,0
23,Mr. White,5517b3849251416f0d0032c8,2,2244,Jesper Christensen,10
24,Marco Sciarra,5517b398c3a36862fc002df6,0,1381616,Alessandro Cremona,11
180,Gallo,56fddbacc3a36821b6000aca,2,1385592,Domenico Fortunato,15
181,Q's Assistant,56fddc319251412a4d0009f9,0,122556,Ian Bonar,18
182,Moneypenny's Boyfriend,56fddc66c3a36821b6000b04,2,1599239,Tam Williams,19
183,Blofeld's London Helicopter Pilot,56fddc989251412a56000a85,2,1599241,Richard Banham,20
184,SC019 Police Commander,56fddccf9251412a4b000b5d,2,230681,Pip Carter,21
185,SC019 Police Officer,56fddce6c3a36821ae000b45,2,30446,Simon Lenagan,22
27,Priest,5517b4f69251416efe003370,2,48377,Alessandro Bressanello,23
186,Blofeld's Right Hand Man,56fddd5a9251412a42000b52,2,1129783,Gediminas Adomaitis,27
187,Francesco,56fddd9cc3a36821a4000b5b,2,1299312,Francesco Arca,29
188,Marco,56fdddb79251412a50000aad,2,124628,Matteo Taranto,30
189,Palazzo Security,56fdddd69251412a56000ac6,2,1562103,Emilio Aniba,31
190,Guerra,56fdddf19251412a50000ac1,2,1474616,Benito Sagredo,32
191,Businessman,56fdde0d9251416cc200004c,2,1247684,Dai Tabuchi,33
192,Businessman,56fdde1bc3a36821b1000ba8,2,1599245,George Lasha,34
193,Businessman,56fdde259251412a42000b93,0,1599247,Sargon Yelda,35
194,Businessman,56fdde9fc3a36821b6000ba0,2,1599251,Andy Cheung,36
195,Marshall,56fddeb29251412a50000af4,2,1599252,Erick Hayden,37
196,Valerian,56fddec8c3a36821ab000c19,2,1599253,Oleg Mirochnikov,38
197,Fiat Driver,56fddef89251412a47000a79,2,123548,Antonio Salines,39
198,Street Sweeper,56fddf109251416cc2000086,2,1599254,Miloud Mourad Benamara,40
199,Chairman,56fddf4a9251412a42000bcf,2,1599255,Gido Schimanski,41
200,Head of Nation,56fddf69c3a36821a7000b12,0,1404403,Nigel Barber,42
201,Head of Nation,56fddf7fc3a36821b1000c0d,2,74415,Patrice Naiambana,43
202,Head of Nation,56fddf89c3a368219d000adb,2,1599256,Stephane Cornicard,44
203,Head of Nation,56fddf929251412a56000b29,2,1599257,Gary Fannin,45
204,Head of Nation,56fddf9cc3a36821ae000be1,2,1599258,Sadao Ueda,46
205,Head of Nation,56fddfb99251412a50000b30,0,1599259,Phillip Law,47
206,Head of Nation,56fddfef9251412a54000ba8,2,1599260,Wai Wong,48
207,Head of Nation,56fde0179251412a47000ac2,2,1477143,Joseph Balderrama,49
208,Aide,56fde0809251416cc20000cb,2,1599261,Eiji Mihara,50
209,Aide,56fde0a49251412a47000ae0,2,1168129,Junichi Kajioka,51
210,Clinic Security Guard,56fde0f19251412a42000c28,2,1437333,Harald Windisch,53
211,Clinic Security Guard,56fde118c3a36821a4000c3c,2,1599262,Tristan Matthiae,54
177,Cable Car Heavy,5696db21c3a3683af90002d6,2,14637,Detlef Bothe,55
212,Cable Car Heavy,56fde128c3a368219d000b4f,2,1599263,Bodo Friesecke,56
213,Syringe Heavy,56fde1769251412a54000c0b,2,1599264,Wilhem Iben,57
214,Snowboarder,56fde1849251412a42000c4d,1,1599265,Noemi Krausz,58
215,Snowboarder,56fde18dc3a36821b6000c4f,2,1599266,Noah Saavedra,59
216,Snowboarder,56fde1989251412a54000c16,0,1599267,Francis Attakpah,60
217,Snowboarder,56fde1a39251412a42000c58,2,1599268,Michael Glantschnig,61
218,Snowboarder,56fde1aec3a36821ab000cbf,2,1599269,Marlon Boess,62
219,Snowboarder,56fde1b8c3a36821ae000c62,1,1599270,Marie Wohlmuth,63
220,Snowboarder,56fde1c1c3a36821b1000c9c,1,1599271,Lili Epply,64
221,Snowboarder,56fde1cbc3a36821a7000baf,2,1599272,Konstantin Gerlach,65
222,L'Americain Manater,56fde24c9251412a45000bfb,1,1102369,Lara Parmiani,66
223,Train Guard,56fde2679251412a54000c42,2,1372694,Umit Ulgen,67
224,Train Waiter,56fde2869251412a50000bf1,2,1363060,Amra Mallassi,68
225,Train Barman,56fde2969251412a45000c15,2,1599275,Ziad Abaza,69
226,Blofeld's Chauffeur,56fde2a79251412a54000c55,2,1599276,Walid Mumuni,70
227,Blofeld's Guard,56fde2eb9251416cc200015b,0,1599277,Derek Horsham,71
228,Blofeld's Guard,56fde3059251412a47000b6a,2,229320,Nari Blair-Mangat,72
229,Blofeld's Butler,56fde321c3a36821ab000d32,0,1599278,Michael White,73
230,Blofeld's Waiter,56fde34c9251412a56000c21,0,1599279,Adam McGrady,74
231,Blofeld's Analyst,56fde36d9251412a50000c2b,2,1436816,Nader Dernaika,75
232,Blofeld's Chief Analyst,56fde37f9251412a4b000cf7,2,1599280,Pezhmaan Alinia,76
31,M (uncredited),562f218fc3a3681b5200c9e5,1,5309,Judi Dench,77
26,Clinic Patron (uncredited),5517b4bbc3a3686302002f36,1,1186597,Neve Gachev,78
245,Businessman (uncredited),57e11a3e92514104570052ba,2,1654739,Karl Farrer,79
246,Lair Staff (uncredited),57e124d992514104530055ec,1,1682535,Kim Adis,80
247,Mexican Sprite (uncredited),57e125ccc3a36853f2005365,1,1682536,Maurisa Selene Coleman,81
249,Pilot David,585ab69fc3a3682fb8091219,2,1725801,Matija Mondi Matović,82
2,Bruce Wayne / Batman,52fe4781c3a36847f8139869,2,3894,Christian Bale,0
45,Dr. Pavel,52fe4781c3a36847f8139935,2,16607,Alon Aboutboul,12
174,Maid,562196c8c3a3680e190096a0,0,1172491,Claire Julien,24
172,Stryver,5621963e92514171d4009562,0,39659,Burn Gorman,26
173,Congressman,5621969dc3a3680e0e009e97,2,16841,Brett Cullen,27
175,Ross,56219708c3a3680e190096a9,2,22075,Reggie Lee,28
176,DWP Man,56219739c3a3680e1d009ba6,2,159879,Joseph Lyle Taylor,29
179,SWAT in Dive Bar,562197d3c3a3680e1d009bc0,2,1240417,Duane Henry,31
365,Sewer Thug #1,5744667fc3a3681233001525,2,1473276,Cameron Jack,34
233,Young Stock Broker (uncredited),56252c5a9251413980001f01,0,1167718,Isiah Adams,86
234,Gotham City Police Officer (uncredited),56252cb2c3a3680e1d013497,1,572221,Charlie Alejandro,87
235,Former Upscaler (uncredited),56252cf9c3a3680e1d01349c,2,1116933,Robert Arensen,88
236,Angry Mobster / Prisoner (uncredited),56252d43c3a3680e2001483e,0,1524158,Grant Babbitt,89
237,Gotham Rogues Fan (uncredited),56252d6e9251413980001f2a,0,139188,Fileena Bahris,90
238,Mercenary (uncredited),56258b759251413980002af5,0,1075845,Rick Bolander,91
239,Police Officer (uncredited),56258bb192514135b000724c,0,1283949,Kyle Patrick Brennan,92
240,Gotham City Police Officer (uncredited),56267a109251412f15000873,0,1344943,Scott Churchson,93
241,Gotham Rogues Coach (uncredited),56267aeec3a3680e200186f9,0,1240191,Bill Cowher,94
243,Reporter (uncredited),5626dd3f92514137bb0006c8,1,1163300,Stephanie Domini Ehlert,96
244,Older Upscale Person (uncredited),5627ca69c3a3687c52000500,0,93752,John Farrer,97
248,Stockbroker in Snipers Scoop - Stock Exchange (uncredited),5628314ec3a368487d00043e,2,1509064,Michael Wren Gucciardo,101
250,Police Officer (uncredited),56291cdc9251414ccf002762,0,1365976,Ed Heavey,103
251,Gotham Police Officer / Fan (uncredited),56291d5cc3a368488c002830,2,1098036,John W. Iwanonkiw,104
252,Gordon's Cop #4 (uncredited),56291dec9251414cd20026d0,0,1354413,Cindy Jackson,105
253,Boom Operator News Crew (uncredited),56291ecc9251414cd800251f,0,123875,Daniel Jordano,106
254,Gothamite (uncredited),562974c7c3a3681b5e000691,0,127060,William Kania,107
255,Gotham Rogues Fan (uncredited),562974f39251412853000708,0,1388256,Tiffany Kemp,108
256,Stock Broker (uncredited),562975e8c3a3681b4b00067b,0,1241239,Sun Jae Kim,109
257,Thug (uncredited),56297620c3a3681b5e0006c6,0,1378466,Hrvoje Klecz,110
258,Wall Street Broker (uncredited),5629768a9251412845000609,0,1264686,Alex Kruz,111
259,Gotham City Police Officer (uncredited),562a6fcf9251414ab7000d11,0,1169299,Tyler La Marr,112
260,Thug (uncredited),562a7046c3a3681b5c002691,2,1269611,LeJon,113
261,Gotham City Police Officer (uncredited),562a706fc3a3681b610028d9,0,1446471,Paul Jude Letersky,114
262,Prisoner (uncredited),562a70e5c3a3681b520027e1,0,1188950,Joe Lipari,115
263,Tourist (uncredited),562a7123c3a3681b5900267c,0,1383091,Silvia Lombardo,116
264,Gotham Rogues Fan (uncredited),562ad1bd9251414006001a31,0,1480128,Jorge Mardel,117
265,Gotham Rogues Fan (uncredited),562ad293925141284a0032ba,0,1174970,Cale McConnell,118
266,Gotham City Police Officer (uncredited),562ad2c6c3a3681b4d003b12,0,127063,David Dale McCue,119
267,Gotham Rogues Fan (uncredited),562ad2f49251412857003295,1,1480130,Tiffany Sander McKenzie,120
268,Angry Mobster (uncredited),562ad32f92514128530033a7,0,1505308,Allen Merritt,121
269,Wayne Enterprises Security (uncredited),562ad36ac3a3681b4d003b44,0,1509148,Olan Montgomery,122
270,Mercenary (uncredited),562ad3cdc3a3681b4d003b5b,0,122339,Alex Moore,123
271,Gotham City Police Officer (uncredited),562bb8699251412853005938,0,93778,Shane Nolan,124
272,Prisoner / Thug (uncredited),562bb8a1c3a3681b54005616,0,1205749,Jackson Nunn,125
273,Gotham City News Cameraman (uncredited),562bb8e1c3a3681b520051ef,0,1480150,Joseph O'Brien,126
274,Prison Guard (uncredited),562d1d8d9251414ad80066d8,2,20582,Michael Papajohn,127
275,Prisoner / Mob (uncredited),562d1dafc3a3681b4b007bf8,0,1298014,Salomon Passariello,128
276,Gotham Stock Trader (uncredited),562d1f0592514128530088c1,0,1429650,Kyle David Pierce,129
277,Gotham Rogues Player (uncredited),562d1f3c9251412845007b7b,0,1349600,Troy Polamalu,130
278,Gotham Police Officer (uncredited),562d1fc89251412857007fd5,0,1066138,Michael Power,131
279,Thug (uncredited),562e68b892514140060097f1,0,565508,James Rawlings,132
280,Doris in Black (uncredited),562e696e9251410a22006da5,0,1513716,Kirsten Roeters,133
281,Gotham Rogues Player (uncredited),562e69a79251414006009814,0,1215314,Ben Roethlisberger,134
282,Gotham Police Officer (uncredited),562e6a059251410a22006dba,2,1452954,Mark Roman,135
283,Thug (uncredited),562ed4919251410a22007aab,2,1451618,Anthony J. Sacco,136
284,Angry Thug (uncredited),562ed4c7c3a3681b6100c5aa,0,1085730,Eric Salazar,137
285,Hot Football Fan (uncredited),562ed503c3a3681b5c00bed4,0,557202,Emily Schooley,138
286,Gotham Rogues Owner (uncredited),562fbf75c3a3681b5c00dc2a,0,54211,Thomas Tull,139
287,Thug (uncredited),562fbfd3c3a3681b6100e4f0,2,1480223,Chris Vaina,140
288,Prisoner (voice) (uncredited),562fbff69251414ab700beee,0,102516,Vincent van Ommen,141
289,Gotham City Press (uncredited),562fc0609251414ab700bf02,0,1205751,Michelle Vezzani,142
290,Gotham Rogues Fan (uncredited),562fc0af925141285700d780,0,1205623,Barbara Vincent,143
291,Gotham City Police Officer (uncredited),5630244bc3a3681b5200e663,0,1521872,Justin Michael Woods,144
292,Mercenary Soldier (uncredited),5630248e925141284c00e8af,0,306870,Jason Yee,145
293,Gotham Citizen (uncredited),563024f6c3a3681b5c00e746,1,1205141,Maria Zambrana,146
294,Gotham City Police Officer (uncredited),56302558925141284c00e8c9,0,1343746,John Zion,147
295,Thug (uncredited),56302586c3a3681b4d0101a4,2,1454322,Alex Ziwak,148
312,Gotham City Police Officer (uncredited),567b4b6ac3a3684bcc001325,2,1553053,Tommy Bayiokos,149
313,Football Fan (uncredited),567c3783c3a36860e90013c3,0,1553307,Matthew Gooley,150
314,Cop (uncredited),567c9d3d9251417ddd0050fc,0,1553377,Jeff Moffitt,151
350,Football Fan (uncredited),56ba2843c3a3687c9e00008d,0,1574936,Mark Falvo,152
352,Thug (uncredited),56be271e9251417344004195,0,1576421,Diogo Hausen,153
355,Prisoner (uncredited),56c8aca1925141172f00382b,2,1580574,Gary Sievers,154
356,Mercenary (uncredited),56d0fb3d925141799e004ac6,0,1583389,Orion McCabe,155
368,Court Room Thug (uncredited),575af48cc3a368540300009a,2,1633514,London May,156
383,Gothamite (uncredited),57c84ca89251415a13000102,2,1673036,James Quinn,157
385,Thug #2 in Basement,59309c45c3a3686a70000458,2,1536670,Daniel Newman,158
20,Dejah Thoris,52fe479ac3a36847f813eab3,1,21044,Lynn Collins,1
170,Apache #1 (as Joe Billingiere),595ad40c9251410bfa04831e,0,1844319,Joseph Billingiere,26
30,Peter Parker / Spider-Man,52fe4252c3a36847f80151c7,2,2219,Tobey Maguire,0
103,Pedestrian (uncredited),58d16c5e9251411af400dc6c,0,1781326,Keith Fausnaught,81
104,A Spidey Kid (uncredited),58d16c6c9251411ae800dd2f,1,1781199,Amanda Florian,82
105,A Spidey Kid (uncredited),58d16c7ac3a36838f900d572,1,1781205,Brianna Leann Florian,83
106,A Spidey Kid (uncredited),58d16c869251411af400dc87,1,1781217,Tiffany Ashley Florian,84
107,Businessman (uncredited),58d16c929251411acb00d793,0,1781327,Shaun Patrick Flynn,85
108,Automobile Driver (uncredited),58d16ca29251411a9f00de11,0,1636759,Logan Fry,86
109,Spectator (uncredited),58d16caec3a36838d500ba61,0,1781328,Kevin Fung,87
110,News Spectator (uncredited),58d16cbd9251411ab500ddf6,0,1781329,Tony Galtieri,88
111,Funeral Limo Driver (uncredited),58d16cccc3a36838d500ba7f,0,1781330,Chuck Gerena,89
112,News Reporter (uncredited),58d16cf2c3a36838f900d5c7,0,1639432,Brian Hopson,90
113,Cop (uncredited),58d16cff9251411aef00d6ca,0,1781331,Claude Jay,91
114,Female New Yorker (uncredited),58d16d19c3a368390800c4f2,1,1781332,Julie Jei,92
115,Jazz Club Bouncer (uncredited),58d16d5e9251411af400dd23,0,1316667,Andrew James Jones,93
116,Girl at Key Ceremony (uncredited),58d16d9e9251411a9f00de90,1,105632,Natalie Jones,94
117,Student (uncredited),58d16e49c3a36838e900cc60,0,1781333,Christopher Jude,95
118,Dog Walker (uncredited),58d16f2f9251411aef00d801,1,1781334,Alyssa Lakota,97
119,Observer (uncredited),58d170979251411acb00d9bf,0,1752230,Tia Latrell,98
120,Businesswoman (uncredited),58d170a5c3a36838df00cdb6,1,1781221,Linda Lee,99
121,Woman in Court (uncredited),58d170ba9251411adc00e372,1,570374,Pierangeli Llinas,100
122,British Publicist (uncredited),58d175cec3a36838d500bfdd,1,1246221,Bernadette Lords,101
123,Shocked Pedestrian (uncredited),58d175ea9251411ad800dec4,1,1781344,Sandrine Marlier,102
124,Journalist (uncredited),58d176bfc3a36838f900dcc4,1,1781345,Laura McDavid,103
125,Girl Screaming in Camaro (uncredited),58d17715c3a368390800cb60,1,1781346,Natalie McNeil,104
126,Kid in Times Square (uncredited),58d177939251411adc00e854,0,1781347,Daniel Mignault,105
127,Oscorp Receptionist (uncredited),58d177b7c3a368390800cbc0,1,163930,Martha Millan,106
128,Girl in Times Square (uncredited),58d1783ac3a36838af00e15f,1,1781348,Michele-Nanette Miller,107
129,Robbie's Assistant (uncredited),58d178949251411aef00de7e,1,1697017,Claudia Katz Minnick,108
130,Theatergoer (uncredited),58d1797dc3a36838c900e3e5,0,1781349,Robert Myers,109
131,Businessman (uncredited),58d179929251411af400e50b,0,1480150,Joseph O'Brien,110
132,Beautiful Girl (uncredited),58d179a9c3a36838e900d412,1,1178562,Jen Oda,111
133,Beautiful Woman (uncredited),58d17b319251411ad800e234,1,1344665,Anjelia Pelay,112
134,Police Officer (uncredited),58d17bcfc3a36838c900e571,0,118389,Nick Poltoranin,113
135,Beautiful Woman (uncredited),58d17beac3a36838df00d55a,1,1781350,Vanessa Reseland,114
136,Beautiful Woman (uncredited),58d17c759251411a9f00e80e,0,1781351,La Rivers,115
137,Businesswoman (uncredited),58d17c98c3a36838e900d5e6,1,60127,Bria Roberts,116
138,Pedestrian (uncredited),58d17d239251411a9f00e897,0,1781352,Luis Rosa,117
139,Sandman Victim (uncredited),58d17d359251411a9f00e8a9,1,1422991,Vanessa Ross,118
140,Bad Girl (uncredited),58d17d599251411aef00e1b3,1,106147,Brenna Roth,119
141,City Hall Cheerer (uncredited),58d17db39251411ae800e895,0,1691382,Shade Rupe,120
142,Guy with Ticket (uncredited),58d17dc19251411ab500e8bb,0,1781353,Arick Salmea,121
143,Jazz Club Beatnik (uncredited),58d17dd2c3a36838af00e524,0,1367833,Eric Shackelford,122
144,Jazz Club Guest (uncredited),58d17ddfc3a36838df00d6b1,0,1781354,Daniel Shafer,123
145,Café Girl (uncredited),58d17df7c3a36838d500c4b8,1,1781355,Abbey Skinner,124
146,Jazz Club Patron (uncredited),58d17e2fc3a36838df00d6f3,1,1781356,Kristin Somo,125
147,Jazz Club Waitress (uncredited),58d17efc9251411adc00ed24,1,1340943,Jennifer Sparks,126
148,Firefighter (uncredited),58d17f9c9251411aef00e34c,0,211964,Christopher Stadulis,127
149,Police Officer (uncredited),58d17fabc3a36838f900e297,0,1781358,Jimmy Star,128
150,Broadway Audience Member (uncredited),58d17fbbc3a36838df00d807,0,1778304,Arne Starr,129
151,Jazz Club Musician (uncredited),58d17fca9251411af400e902,0,1781359,Liam Stone,130
152,Girl in Cab (uncredited),58d17fe7c3a36838af00e6b7,1,1781360,Tajna Tanovic,131
153,Model (uncredited),58d180779251411ad800e59e,1,1454306,Aija Terauda,132
154,Hot Girl (uncredited),58d180a4c3a36838e900d867,0,1781361,Brigid Turner,133
155,Beautiful Woman (uncredited),58d180c79251411ad800e5db,1,1781362,Evelyn Vaccaro,134
156,Bar Patron #5 (uncredited),58d18160c3a36838df00d910,0,1781365,Nick Vlassopoulos,135
157,Model (uncredited),58d1816fc3a36838f900e3e3,1,1614425,Sincerely A. Ward,136
158,Model (uncredited),58d1817a9251411ad800e664,0,567242,Silq Webster,137
159,Student (uncredited),58d181979251411adc00eefb,0,1781366,Graig F. Weich,138
160,Restaurant Patron (uncredited),58d181a69251411aef00e49e,0,1781368,Fredrick Weiss,139
161,ER Nurse (uncredited),58d181b5c3a36838e900d903,1,1225878,Jennifer Weston,140
162,City Hall Cheerer (uncredited),58d181d3c3a36838e900d916,0,1781371,Trenton Willey,141
163,Spectator (uncredited),58d181e0c3a36838d500c6f3,2,1368459,Ray Wineteer,142
21,Pietro Maximoff / Quicksilver,52fe4a449251416c750e348d,2,27428,Aaron Taylor-Johnson,9
22,Strucker,52fe4a449251416c750e3491,2,3491,Thomas Kretschmann,19
164,Nathaniel Pietro Barton,58a8ed1fc3a3686435004791,0,1760900,Jaiden Stafford,66
29,Rubeus Hagrid,52fe4273c3a36847f801fb05,2,1923,Robbie Coltrane,7
28,Waitress,52fe4273c3a36847f801fb01,0,89387,Elarica Gallacher,48
165,Metropolis Citizen,57fa390d9251411fb3006b9f,2,1691935,Anish Jethmalani,50
166,Metropolis Citizen,57fa39b79251411fd3006b7d,1,1691940,Tiffany Bedwell,51
167,Metropolis Citizen,57fa3ac29251412128006f64,1,1691945,Natalee Arteaga,52
168,Metropolis Citizen,57fa3acfc3a3686ffa00817a,2,1691946,Keith D. Gallagher,53
169,Metropolis Citizen,57fa440cc3a3686ffa008699,2,1691967,Jeff Dumas,54
171,Metropolis Citizen,57fa470592514120c5006e77,1,1691970,Alicia Regan,56
178,Officer Mazzuccheli,57fa586a9251411fd3007af0,0,1141368,Kiff VandenHeuvel,63
829,Paddock Supervisor,5800a13cc3a3686b0700394c,2,59297,Eric Edelstein,14
796,Jimmy Fallon,561e21b6c3a3686cd1001ecf,2,11669,Jimmy Fallon,15
835,Hal Osterly,590a5f689251414f9e007d86,2,97446,James DuMont,16
836,Jim Drucker,590a5f999251414f9900798b,0,1809787,Matt Burke,17
837,Erica Brand,590a5fb29251414f8d00815e,0,1550012,Anna Talakkottur,18
838,Mr. DNA,590a5fc89251414f9e007dbd,2,930707,Colin Trevorrow,19
795,Mosasaurus Announcer,561e219bc3a3686cd1001ecd,0,568045,Courtney J. Clark,20
797,Zach's Girlfriend,561e21dbc3a3686ccc001a95,1,866906,Kelly Washington,21
834,Gyrosphere Operator,590a5ed39251414fbe007a02,2,979412,Matthew Cardarople,22
833,InGen Soldier,589133b4c3a368096a000719,2,1391129,Chad Randall,23
798,Italian Mother,561e220ac3a3686cc1001bf4,0,1522360,Yvonne Angulo,24
826,Italian Girl,57e1094dc3a36853eb004eec,1,1682513,Chloe Perrin,25
825,Park Visitor (uncredited),57e10773c3a36853fb00478b,1,1682512,Erika Erica,26
822,Park Visitor (uncredited),5764fa06c3a36817d5000b5a,1,1637724,Tiffany Forest,27
386,Drug Buyer,5993cb54c3a3687eff00c2ae,0,1870607,Greg Beam,28
387,Junkie,5993cb67c3a3687eff00c2d3,0,1870608,Erik Hellman,29
388,Judge Surrillo,5993cbe7c3a3687f4600cbbb,0,1522073,Nydia Rodriguez Terracina,33
389,Brian,5993cbf8c3a3687eda00c910,0,1870609,Andy Luther,34
390,Man No. 1,5993cc18c3a3687f4600cc10,0,1870610,James Farruggio,35
391,Man No. 2,5993cc2cc3a3687f9e00dc32,0,1840452,Tom McElroy,36
392,Thug at Party,5993ccd7c3a3687eda00ca6e,0,1870611,James Fierro,38
393,Male Guest,5993cd04c3a3687f8400ceba,0,1526574,Sam Derence,40
394,Female Guest,5993cd5ac3a3687ec400df11,0,1870612,Jennifer Knox,41
395,Reporter,5993ce0a925141542b00d59b,0,1870613,Sophia Hinshelwood,47
396,Cop Heckler,5993ce2fc3a3687ec400e0b1,0,1678566,Joseph Luis Caballero,49
397,Officer at Intersection,5993ce98c3a3687ec400e177,0,1870614,Daryl Satcher,51
398,Convoy Leader,5993ceb5c3a3687f4600d06e,0,1870615,Chris Petschler,52
399,Fat Thug,5993cec3925141543300d25e,0,1870616,Aidan Feore,53
400,Medic,5993cf53c3a3687eff00c8f5,0,1781739,Walter Lewis,56
401,Nurse,5993cf78c3a3687ec400e300,0,1631707,Nancy Crane,58
404,Cop at Hospital,5993d0a4925141543300d56e,0,1870623,Michael Andrew Gorman,61
402,Bartender,5993d02bc3a3687f4600d2b8,0,1870620,Lanny Lutz,62
403,Civilian,5993d03e925141542300cb8a,2,1624910,Peter DeFaria,63
405,Mother,5993d0c3925141542b00d992,0,1661772,Helene Wilson,68
406,SWAT Sniper,5993d0f1c3a3687ec400e510,2,1674439,Joshua Rollins,74
407,SWAT Leader,5993d102925141540e00cede,0,1870625,Dale Rivera,75
408,Honor Guard Man,5993d1ed925141540e00d010,0,1870627,Adam Kalesperis,80
409,Fox's Secretary,5993d224925141542b00db48,0,1870629,Gertrude Kyles,84
410,Guardsman,5993d2b5c3a3687ec400e780,0,1870631,James Scales,86
411,Warden,5993d2c8c3a3687f6200d2e2,0,1655526,Nigel Carrington,87
296,Prisoner,560c2f0dc3a368681900620c,0,1122545,Lateef Lovejoy,89
297,Prisoner,560c2f2a9251417196005dc4,0,578699,Grahame Edwards,90
298,Prisoner,560c2f4492514171a30066d6,0,126316,Roger Monk,91
299,Prisoner,560c2f5b925141157f0005fb,2,1132153,Ronan Summers,92
412,Hong Kong Detective,5993d34892514153ff00dff5,2,1599260,Wai Wong,93
413,Honor Guard Leader,5993d35b92514153ff00e033,0,1870636,Michael Corey Foster,94
414,Gordon's Daughter,5993d36892514153ff00e073,0,1870637,Hannah Gunn,95
415,Armored Car SWAT,5993d375c3a3687f9e00e7e3,0,1870638,Brandon Lambdin,96
300,Waiter (uncredited),560c3c94925141719c006489,0,1161711,Jon Lee Brody,97
301,Bank Patron (uncredited),560c3cc2c3a36868170066c2,0,580566,Debbi Burns,98
302,Party Guest (uncredited),560c3ce49251417196006004,0,1128275,Maritza Cabrera,99
303,Party Guest with Glass (uncredited),560c3d0892514171a3006975,0,1185594,Shirin Caiola,100
304,Party Guest (uncredited),560c3d3dc3a368680e00635a,0,1197335,Laura Chernicky,101
357,Lau Henchman (uncredited),567b1eb19251417de3000a3c,0,1552999,Henry Milton Chu,102
306,Paramedic (uncredited),560c3f899251417e9e0049a3,1,1192165,Kelli Clevenger,103
307,Chechen Gangster (uncredited),560c3fea9251415019000533,0,1131169,Richard Divizio,104
308,Press Conference Heckler (uncredited),560c4017c3a3686817006783,0,580567,Tony Domino,105
310,Pedestrian (uncredited),560c40d892514171a3006a6b,0,228305,David Fultz,106
311,Ferry Passenger (uncredited),560c413c92514171a3006a7a,1,1392731,Natalie Hallam,107
315,Immigrant Ferry Passenger (uncredited),560c4268925141719c0065d6,0,1207205,Daniel Jefferson,110
316,Shotgun SWAT (uncredited),560c42dfc3a3686814006e66,2,18070,Nicky Katt,111
317,Parade Police Officer (uncredited),560c431ec3a3686814006e74,0,580560,Thomas Kosik,112
319,Maroni's Henchman (uncredited),560c43e8925141719100697f,0,505400,Don Kress,113
320,Assistant D.A. (uncredited),560c442b925141719600617d,0,1058964,Tim Krueger,114
321,Police Sgt. Spellman / Gotham Bomb Squad (uncredited),560c448e9251417e9e004aa2,0,1261397,Dan Latham,115
367,Helicopter SWAT Sniper (uncredited),56e215d9c3a3686ff5000892,0,1551776,Tom McComas,116
322,Ferry Passenger (uncredited),560c461cc3a3686814006ede,2,1111803,James Mellor,117
323,Officer (uncredited),560c465c92514171910069e2,2,1360008,Joseph Oliveira,118
324,Joker's Thug #2 (uncredited),560c46bdc3a36868240062d9,0,1426334,Buster Reeves,119
325,Angry Hospital Relative (uncredited),560c4757925141157f0009ff,0,1058963,Michelle Shields,122
326,Evacuee (uncredited),560c4787c3a36868170068e4,0,98994,Sofiya Smirnova,123
327,High-Ranking Police Official (uncredited),560c47e7c3a3686824006305,0,1108073,Bruce Spielbauer,124
328,Extra (uncredited),560c4842c3a3686814006f50,0,1185600,Robert Patrick Stern,125
329,Dept. of Corrections Resident (uncredited),560c48dd92514171a000651f,0,1209051,Robert Stone,126
330,Detective (uncredited),560c491292514171a0006527,0,99223,Richard Strobel,127
318,Police Officer (uncredited),560c43a99251417e9e004a7d,0,79810,Tom Townsend,128
331,Chechen's Bodyguard (uncredited),560c496fc3a368680b006843,0,204276,John Turk,129
332,Detective (uncredited),560c499ec3a368681f00612c,0,1209055,John Warman,130
305,Party Guest (uncredited),560c3f18925141157f000862,0,1512023,Erik A. Williams,131
333,Major Crime Unit Detective (uncredited),560c4a079251417e9e004bb1,2,127005,Chris Wilson,132
334,Party Staff (uncredited),560c4a57c3a368680e0065ad,0,1380656,Kevin Zaideman,133
1027,Snow White,52fe496ac3a36847f8198f9b,1,37917,Kristen Stewart,0
1003,Queen Ravenna,52fe496ac3a36847f8198f35,1,6885,Charlize Theron,1
1005,The Huntsman,52fe496ac3a36847f8198f39,2,74568,Chris Hemsworth,2
1006,William,52fe496ac3a36847f8198f3d,2,237455,Sam Claflin,3
1015,Beith,52fe496ac3a36847f8198f71,2,6972,Ian McShane,4
1016,Gort,52fe496ac3a36847f8198f75,2,5538,Ray Winstone,5
1017,Nion,52fe496ac3a36847f8198f79,2,11109,Nick Frost,6
1018,Coll,52fe496ac3a36847f8198f7d,2,13014,Toby Jones,7
1019,Duir,52fe496ac3a36847f8198f81,2,1665,Eddie Marsan,8
1020,Muir,52fe496ac3a36847f8198f85,2,382,Bob Hoskins,9
1030,Finn,52fe496ac3a36847f8198fab,2,55585,Sam Spruell,10
1031,Quert,52fe496ac3a36847f8198faf,2,32300,Johnny Harris,11
1032,Gus,52fe496ac3a36847f8198fb3,2,63364,Brian Gleeson,12
1033,Duke Hammond,52fe496ac3a36847f8198fb7,2,9831,Vincent Regan,13
1034,King Magnus,52fe496ac3a36847f8198fbb,2,2050,Noah Huntley,14
1035,Queen Eleanor,52fe496ac3a36847f8198fbf,1,1088912,Liberty Ross,15
1036,Mirror Man,52fe496ac3a36847f8198fc3,2,1088913,Christopher Obi,16
1037,Greta,52fe496ac3a36847f8198fc7,1,53688,Lily Cole,17
1038,Anna,52fe496ac3a36847f8198fcb,1,18067,Rachael Stirling,18
1039,Lily,52fe496ac3a36847f8198fcf,1,1279512,Hattie Gotobed,19
1040,Young Snow White,52fe496ac3a36847f8198fd3,1,1055230,Raffey Cassidy,20
1041,Young William,52fe496ac3a36847f8198fd7,0,1279513,Xavier Atkins,21
1042,Young Ravenna,52fe496ac3a36847f8198fdb,0,142388,Izzy Meikle-Small,22
1043,Ravenna's mother,52fe496ac3a36847f8198fdf,1,66791,Anastasia Hille,23
1044,Young Finn,52fe496ac3a36847f8198fe3,0,1279514,Elliot Reeve,24
1045,Thomas,52fe496ac3a36847f8198fe7,2,65303,Mark Wingett,25
1046,Iain,52fe496ac3a36847f8198feb,2,221985,Jamie Blackley,26
1047,Broch,52fe496ac3a36847f8198fef,2,60348,Dave Legeno,27
1049,Black Knight General,52fe496ac3a36847f8198ff7,2,183151,Greg Hicks,29
1050,Black Knight,52fe496ac3a36847f8198ffb,2,109833,Peter Ferdinando,30
1051,Guard on Duty,52fe496ac3a36847f8198fff,0,115683,Andrew Hawley,31
1052,Aldan,52fe496ac3a36847f8199003,2,29406,Joey Ansah,32
1053,Duke's Commander,52fe496ac3a36847f8199007,2,214794,Gregor Truter,33
1054,Soldier,52fe496ac3a36847f819900b,0,1279515,Tom Mullion,34
1056,Emaciated Peasant (uncredited),54e526dbc3a3682af600049e,2,1035907,Darren Kent,35
1101,Percy,58874d43c3a368358a002a0d,0,1488236,Matt Berry,36
1001,Kai,52fe46e4c3a368484e0a98cd,2,6384,Keanu Reeves,0
1002,Kuranosuke Ôishi,52fe46e4c3a368484e0a98d1,0,9195,Hiroyuki Sanada,1
1004,Lord Kira,52fe46e4c3a368484e0a98d9,2,13275,Tadanobu Asano,3
1096,Horibe,54806f68c3a36829b2003104,2,550560,Shû Nakajima,10
1028,Hara,53a962a5c3a368707a005de2,0,1184036,Hiroshi Yamada,11
1092,Shogun Tsunayoshi,54806e7dc3a36829b50030d6,2,11398,Cary-Hiroyuki Tagawa,12
1093,Shogun's Adjutant,54806ee5c3a36817a5002764,2,1380499,Tanroh Ishida,13
1094,Kapitan,54806f02c3a36829ae00268a,0,31387,Yorick van Wageningen,14
1095,Narrator,54806f2ec3a36829a300296f,2,60602,Ron Bottitta,15
1102,Riku,574b3dae925141362d001d40,1,1628196,Natsuki Kunimoto,16
1103,Tengu Lord,574b3e97c3a368356100048c,2,9192,Togo Igawa,17
1104,Kira's Spy,574b3f5f9251412d29001b16,0,112831,Akira Koieyama,18
1105,Mika's Handmaiden,574b3f8ac3a368303b001d19,1,1168128,Haruka Abe,19
1106,Drunk Official,574b41ab92514119a50010fb,2,2249,Clyde Kusatsu,20
1107,Guard,574b41bf92514119a5001101,2,1168129,Junichi Kajioka,21
1108,Lead Soldier,574b4848c3a3683c18002014,2,1522260,Masashi Fujimoto,22
335,Athens Bravo Agent,58bbfc8a925141609e036dfc,0,1394374,Joe Kennard,21
309,Bus Passenger / Pedestrian (uncredited),589a2aec9251413abe000880,0,1753017,Mark Sawtelle,185
336,Deep Dream Staff (uncredited),592f10f0c3a3685307001028,0,1826668,Brad Hamerly,210
337,Trailer Mom (voice) (as Bret Parker),52fe4258c3a36847f8016e85,0,7998,Bret 'Brook' Parker,39
338,Additional Voices (voice),52fe4258c3a36847f8016e89,2,61969,Phil Proctor,40
339,Additional Voices (voice),52fe4258c3a36847f8016e8d,0,1268117,Josh Qualtieri,41
340,Additional Voices (voice),52fe4258c3a36847f8016e91,2,15898,Guido Quaroni,42
341,Additional Voices (voice),52fe4258c3a36847f8016e95,2,157626,Jan Rabson,43
342,Additional Voices (voice),52fe4258c3a36847f8016e99,1,152963,Lisa Raggio,44
343,Additional Voices (voice),52fe4258c3a36847f8016e9d,0,7911,Joe Ranft,45
345,Additional Voices (voice),52fe4258c3a36847f8016ea1,0,8066,Katherine Ringgold,46
351,Additional Voices (voice),52fe4258c3a36847f8016eb9,0,1268123,Sophia Ranft,47
346,Additional Voices (voice),52fe4258c3a36847f8016ea5,2,954958,Bob Scott,48
348,Additional Voices (voice),52fe4258c3a36847f8016ead,0,1156411,Jim Thornton,50
349,Additional Voices (voice),52fe4258c3a36847f8016eb1,2,8,Lee Unkrich,51
353,Additional Voices (voice),53084362925141110e0019ee,2,197,David Silverman,54
0,The Huntsman,5409a39ec3a36812c30019a0,2,74568,Chris Hemsworth,0
1014,Alex Rodin,52fe4912c3a368484e1191cf,2,28633,Richard Jenkins,2
1013,Zec Chelovek,52fe4912c3a368484e1191cb,2,6818,Werner Herzog,4
1021,Sandy,52fe4913c3a368484e1191e7,1,203630,Alexia Fast,9
1012,Martin Cash,52fe4912c3a368484e1191c7,2,3087,Robert Duvall,11
1022,Gary,52fe4913c3a368484e1191eb,2,2695,Dylan Kussman,13
1029,Chrissie Farrior,52fe4913c3a368484e11920b,1,155042,Julia Yorks,15
1048,Man on Bus,52fe4913c3a368484e119257,0,1286871,Jarid Faubel,27
1055,Mindy,52fe4913c3a368484e119273,1,18475,Kristen Dalton,34
1057,Pawn Shop Cashier,52fe4913c3a368484e11927b,0,167110,Annie Kitral,36
1058,Diner Waitress,52fe4913c3a368484e11927f,0,1286875,Lissy Gulick,37
1059,Jeb's Mom,52fe4913c3a368484e119283,0,1286876,Catherine Albers,38
1060,Sportsbar Waitress,52fe4913c3a368484e119287,0,1286877,Larissa Emanuele,39
1061,Construction Foreman,52fe4913c3a368484e11928b,2,1023800,Jason McCune,40
1062,SWAT Guy,52fe4913c3a368484e11928f,0,27687,Shane Callahan,41
1063,SWAT Guy,52fe4913c3a368484e119293,0,1286878,Joshua Elijah Reese,42
1064,Cop,52fe4913c3a368484e119297,2,1286879,Nathan Hollabaugh,43
1065,Cop,52fe4913c3a368484e11929b,0,211964,Christopher Stadulis,44
1011,Bella Flores,52fe49db9251416c910bb00d,1,3136,Salma Hayek,0
1024,Ring Girl,55effac99251413e4101ce90,0,1507448,Olivia Jordan,10
1010,Emily,52fe49419251416c910a76ed,1,479656,Kathryn McCormick,0
1023,Moose,53f439b30e0a267f83001389,2,54503,Adam G. Sevani,9
1025,Mob Dancer,54f490f5925141799f00214b,1,1430895,Angeline Appel,11
1007,Lizbet,52fe4873c3a368484e0f8ee9,1,88930,Kristina Pesic,6
1008,Owl (voice),52fe47e4c3a36847f814dd45,2,24264,Craig Ferguson,4
1009,Rabbit (voice),52fe47e4c3a36847f814dd49,2,78798,Tom Kenny,5
1026,Wafflebot (voice),54c0315692514148b000d542,2,224530,Eric Kissack,13
1000,Hajime Saito,52fe466cc3a368484e08ffbf,2,234641,Hiroyuki Ikeuchi,0
1066,Boxing Girl,58d92081925141448e025c2f,1,983999,Candace Marie,30
1067,Girl Richie Lifts,58d92147c3a368126f066c87,1,1784615,Lyss Remaly,31
1068,Tito's Girl,58d921979251411f9006f99b,1,1784617,Jannel-Marie Diaz,32
1069,Kim,58d9222f9251411faa06e22d,1,1069630,Caitlin Gerard,33
1070,Sorority Girl,58d922709251411f8907060a,1,1784623,Yari De Leon,34
1071,Kim's Boyfriend,58d923139251411fd5070118,0,1784630,Cameron Banfield,35
1072,Thug #1,58d923309251411f890706d4,0,1784631,Keith Kurtz,36
1073,Thug #2,58d9233cc3a368121b066f49,0,1784633,Marland Burke,37
1074,Raver Girl,58d923549251411f89070705,1,1267277,Ashley Hayes,38
1075,Club Goer,58d923a5925141448e025f9f,0,1550822,T.J. Alston,39
1076,Street Pedestrian,58d923b2c3a3681267064b01,0,1304845,Ken Anthony II,40
1077,Sexy Cougar,58d923c0c3a368127c06b228,1,1777793,Cassandra M. Bellantoni,41
1078,Strip Club Patron,58d923f69251411f8907078e,1,1784637,Julie Berlin,42
1079,Go Go Dancer,58d924579251411f9006fc21,1,1633358,Elizabeth Brissenden,43
1080,Sorority Girl,58d924f9c3a368124f06cb04,1,1488450,Emma Chandler,44
1081,Dallas' Girl,58d92563925141442f024b8f,1,84894,Michelle Clunie,45
1082,Carla / Bartender,58d925d09251411faa06e52f,1,1784644,Erica Day,46
1083,Club Goer,58d926189251411f8907091c,1,1784645,Tenley Dene,47
1084,Club Girl,58d92691c3a368124f06cc55,1,1700817,Fielding Edlow,48
1085,Hurricane House Guest,58d926b3c3a368121b067233,1,1784646,Ingrid Fermandois,49
1086,Club Goer,58d92733c3a368126f0671ac,1,1754141,Frenchi Firecracker,50
1087,Club Goer,58d92741c3a368121b067299,1,1302504,Lubella Gauna,51
1088,Frat Boy,58d9276e9251411f89070a5a,0,1784647,Corin Grant,52
1089,Strip Club Patron,58d9278f925141445f024e0d,0,1319055,Rod Grant,53
1090,Club Goer,58d9279fc3a368125f06c210,0,1784648,Joe High,54
1091,Eric,58d927bac3a368124f06cd48,0,1394344,Eric Ian,55
1097,Beach Girl,58d92a1d925141448e026574,1,1784654,Carrie Lauren,61
1098,Sarah,58d92a8cc3a368126f067425,1,1190066,Melissa LeEllen,62
1099,Sorority Girl,58d92ae3c3a3681267065088,1,1375147,Morgan Lester,63
1100,Club Goer,58d92b14c3a368123406c571,1,1784658,Melinda D. Marin,64
1109,Party Girl,58d93641c3a368127c06c26f,1,1186515,Nicole Alexandra Shipley,73
1110,Restaurant Patron,58d936a09251411fdc073abe,1,1754282,Veronica Viruet Simpson,74
1111,Restaurant Patron,58d936bc925141445f025ac6,2,1784676,John L. Smith Jr.,75
1112,Dancing Girl,58d936cfc3a3681267065a1d,1,1743097,Hannah Stark,76
1113,Restaurant Patron,58d93717c3a368121b067fab,0,1784678,Chad Stevens,77
1114,Party Girl,58d93731925141448e027176,0,1784679,Michelle Stevenson,78
1115,Go-Go Dancer,58d9374b925141448e027198,1,1784680,Makenzi Swicegood,79
1116,Penelope,58d937d0c3a368123406d0ca,1,1784681,Jennifer Thompson,80
1117,Beach Party Girl,58d938099251411f90070cf9,1,1784682,Rachael Thompson,81
1118,Party Girl,58d93890925141448e0272d0,1,1784683,Victoria Vodar,82
1119,Beach Guy,58d93926c3a368127c06c536,0,1309904,Kenny Waymack Jr.,83
